Mejor Posicion de la Particula,Fitness de la Particula,Minimo Numero de Infracciones
"[ 0.81982096  0.73716119  0.90057264  0.6932621   0.34926089  0.71877227
  0.80667802  0.8370491   0.97544746 70.56126829 39.18875606 17.9308544
  0.93454317]",-12.575073907309523,57.17011715309708
"[ 0.09483285  0.84142095  0.48525727  0.2950395   0.43575257  0.55095858
  0.61533228  0.83974539  0.41052394 77.07221596 47.41927936  2.40457523
  0.91945814]",-12.46279630437755,35.55394942897543
